,amp,attack,blue,bpm,cutoff,green,initial_offset,instrument,mix_echo,mix_reverb,mod_phase,mod_range,nature,number,order,pan,pitch,red,release,rootnote,rootoctave,total_offset
0,0.801503007143536,0.6356043121978984,0.7507373803069562,0.18298524101009517,0.468163409628793,0.4670708589111803,0.3153020547294011,0.014552099474364422,0.46406247639793685,0.896965046746597,0.27384266239323596,0.37080774473161693,0.7889581478221827,0.6830761088410039,0.029457451746964347,0.6547499680609149,0.0407082970797753,0.6859961275674515,0.06696336429063265,0.31484492222106575,0.2408656260236779,0.6783705264413702
1,0.563146252313853,0.4845466186199723,0.20366260883281895,0.5656332914134901,0.33593637742694404,0.42127856910412964,0.7351731779761178,0.7176671250818553,0.7831138730004291,0.0068622043701968005,0.9673626993527816,0.5612814222468517,0.816597764261633,0.02647874424908636,0.9759532439152147,0.3761140045631688,0.9390629739277476,0.9351013252428265,0.8580164770494172,0.9653279409034472,0.6263651287915183,0.5042075577110844
2,0.18276610514242586,0.286560983977321,0.5100235046535172,0.19394412311085718,0.6513126004134565,0.44633523092119554,0.20836850145008146,0.7521224663155612,0.3621296544531718,0.4109054521938035,0.7308318718849149,0.3474695540433498,0.8519854399625538,0.8487430251567256,0.13703468250613204,0.5262635555830848,0.34173785979315674,0.84468362789953,0.15439087404784269,0.15851678541798597,0.8314883058292627,0.38481686121727154
3,0.5125194301532481,0.06715500791708962,0.13482772901025875,0.35794845533625796,0.9517553335618038,0.7927929793170888,0.36861683893590824,0.7885473047698578,0.7921541656175719,0.4139416810072397,0.9661393532383478,0.814741415679539,0.7719845971702967,0.6666196115986186,0.6083598163005776,0.5202231256139288,0.9014937119417356,0.04240377632036518,0.9588734908204812,0.3109296240633208,0.9683634282092591,0.7623898794439234
