,amp,attack,attack_level,bass,blue,bpm,center,cutoff,decay,decay_level,env_curve,green,high_perc,initial_offset,instrument,line,low_perc,mix,mix_echo,mod_range,nature,number,order,pan,pitch,red,release,rootnote,rootoctave,snare,sustain,sustain_level,synth,total_offset,vox
0,0.30000000000000004,0.7689274852032102,1.0,3,137,20,"[960.0, 540.0]",33,0.33544278747334194,0.0,"2, 3, 7",192,6,0.1,0,1,0,0.6733419054940877,0.37837694879474626,7,2,4,10,0.42781263347750353,-5,222,0.8031280440266628,27,3,0,0.4131942318464588,0.0,1,0.0,0
1,0.1,0.5228058224379122,1.0,3,185,20,"[960.0, 540.0]",55,0.4184961848261919,0.0,"2, 3, 7",135,3,0.2,1,1,4,0.3177424719804977,0.6143997441162087,2,2,4,7,-0.20233239400995273,4,125,0.30407451666503393,24,3,0,0.32261248143489074,0.0,2,0.0,0
2,0.1,0.4391475467388369,1.0,2,197,20,"[960.0, 540.0]",99,0.45205468974169116,0.0,"2, 3, 7",163,2,0.2,2,1,4,0.4840357638025361,0.22579445120886446,5,0,4,8,0.02070815372207102,-3,176,0.004546430612434094,29,3,0,0.2743075503591223,0.0,1,0.0,0
3,0.1,0.3967509530240707,1.0,1,163,10,"[960.0, 540.0]",100,0.32331206330022005,0.0,"2, 3, 7",165,0,0.30000000000000004,3,1,0,0.6607969720829872,0.14026266320456435,2,5,4,7,-0.2723190724356013,0,228,0.1459413674648794,30,3,0,0.4995568070473465,0.0,1,0.0,0
4,0.4,0.08937236739936534,1.0,3,250,40,"[960.0, 540.0]",73,0.07783641632083566,0.0,"2, 3, 7",130,7,0.30000000000000004,4,1,1,0.33445313547327127,0.41770118295443825,7,1,4,4,0.4131960516545252,7,248,0.7208939774131933,35,3,0,0.31217950877552,0.0,3,0.0,0
5,0.30000000000000004,0.6316994831292746,1.0,2,144,40,"[960.0, 540.0]",79,0.1490198332763747,0.0,"2, 3, 7",211,0,0.2,5,1,3,0.803719516986686,0.13362194850838055,5,0,4,11,0.08011613846573384,7,128,0.0004915758356613953,26,3,0,0.12443288551578402,0.0,3,0.0,0
