,amp,attack,blue,bpm,cutoff,green,initial_offset,instrument,mix_echo,mix_reverb,mod_phase,mod_range,nature,number,order,pan,pitch,red,release,rootnote,rootoctave,total_offset
0,0.9995767171890588,0.9860908962930244,0.9963552251130164,0.314710277395325,0.7929207878941879,0.7833608491268098,0.9095683029902969,0.05865294971767521,0.27563139185982266,0.5071166601292104,0.9423101432643788,0.0020906183682124465,0.14032075756484677,0.2599430698437953,0.9383089173271656,0.4469944044411118,0.7464506931867394,0.10248469183429348,0.7309604929850247,0.6420314652738586,0.14231968157775787,0.7910806552775038
