,amp,attack,attack_level,blue,bpm,center,decay,decay_level,env_curve,green,initial_offset,line,mix,nature,number,order,pan,red,release,rootnote,rootoctave,sample,sustain,sustain_level,synth,total_offset
0,0.2,0.7831267639513069,1.0,125,12.5,"[960.0, 540.0]",0.03153813149339124,0.0,7,218,0.5,1,0.0,4,2,3,0.0,149,0.7112217588199639,25,4,4,0.23347758127155405,0.0,0,0.75
1,0.2,0.24020549247750655,1.0,237,37.5,"[960.0, 540.0]",0.94253769637812,0.0,5,201,0.5,1,0.0,1,2,3,0.0,141,0.7472697360277519,34,4,5,0.8063039790864863,0.0,1,0.75
2,0.2,0.24026899530964574,1.0,126,12.5,"[960.0, 540.0]",0.6378180142360234,0.0,1,139,0.5,1,0.0,0,2,3,0.0,233,0.7680796763560256,35,4,1,0.012474698198805645,0.0,2,0.75
