,amp,attack,blue,bpm,cutoff,green,initial_offset,instrument,mix_echo,mix_reverb,mod_phase,mod_range,nature,number,order,pan,pitch,red,release,rootnote,rootoctave,total_offset
0,0.03117106117809687,0.49669710234331355,0.001373500584641918,0.010563590044225468,0.5862011159142997,0.09371561044474008,0.1856666138739944,0.0006337518386858587,0.999489142564933,0.6033703428964124,0.8540715048679081,0.22570007771719658,0.8153531676477408,0.1934445319082263,0.07630053398190306,0.010616757399725507,0.7791102387133033,0.9912087740133201,0.11388626885332054,3.033613505298849e-05,0.06637203965396754,0.627884952087643
1,0.997355136032419,0.7031730451354823,0.8357664770371523,0.006224128691030395,0.49786618063916555,0.024552378144811482,0.543681181464272,0.7685204452339014,0.6478809170736985,0.21373032434825978,0.05086675545556829,0.15816276044531952,0.23546069958401739,0.007489814396583024,0.9970213947529362,0.00017989300535004027,0.6269922454044294,0.05488974465414331,0.9563425470869513,0.5137075829981053,0.5816783229736123,0.9999871126631696
2,0.8403679793207911,4.898207711212521e-06,0.21513314272344541,0.372720464439004,0.11058926890932741,0.5182044160570651,0.2541305855386765,0.5358749870041534,0.0912207731154766,0.4392703497089703,0.5195202976889703,0.7717111652106786,0.09535309520171797,0.011083517092613904,0.6595464758518893,0.05006670616836706,0.7237155648979687,0.7905375762501489,0.9688356241672732,0.9018641803557291,0.0018363156152592097,0.16921548400455155
3,0.4911904755885459,0.5609427766887102,0.5299316812241339,0.9261823338740964,0.49067296670074834,0.8255655719081297,0.13249494416878294,0.15973113142490988,0.4110294884136988,0.00021514965583224743,0.9936284193847676,0.4447309324584955,0.6488622802846533,0.16509492277155935,0.3840999034149126,0.6893458343519839,0.46038387608202125,0.9378977806939036,0.3954339040784045,9.086456123075237e-06,0.7117085983242135,0.5745476288047863
