,rootnote,rootoctave,order,number,bpm,total_offset,initial_offset,red,green,blue,nature,instrument,amp,cutoff,pan,attack,release,mod_range,mod_phase,mix_reverb,mix_echo,pitch
0,0.9376508220805738,5.699090717226074e-05,0.688723081277481,0.7721534989079138,0.34714350414700923,0.802924615253897,0.49352170368975834,0.6183512430651583,0.3135978914299131,0.9217571363747316,0.0002257453327492165,0.37779940687164937,0.10833841410033862,0.22467214603710473,0.010959485204615538,0.356625720796675,0.767490313880436,0.7401955159374707,0.11281680769971947,0.0025517780803286927,0.20233288697932839,0.352314515304747
1,0.0035643675387729834,9.404086684705604e-05,0.8199276027234348,0.7721534989079138,0.06042015652086019,0.728916541515923,0.15149293238852313,0.6183512430651583,0.3135978914299131,0.9217571363747316,0.0002257453327492165,0.37779940687164937,0.41002384192447294,0.9613311866467993,0.12253297334609148,0.5263912882319797,0.767490313880436,0.7401955159374707,0.3268950168255159,0.0025517780803286927,0.09170001431000552,0.5668426362265481
2,0.03680309924894509,9.404086684705604e-05,0.567355520661444,0.11174580931769984,0.002323224697143411,0.9344468190095226,0.15149293238852313,0.9647135723750538,0.5967951844849685,0.016865889473649975,0.0002257453327492165,0.14028340248538562,0.655660263148452,0.5488088495051449,0.022585791693514712,0.0006370930593802282,0.5850788481498815,0.9939311482907844,0.01500248315070285,0.0025517780803286927,0.17700435132954728,0.352314515304747
