,amp,attack,attack_level,bass,blue,bpm,center,decay,decay_level,delta_offset,env_curve,green,high_perc,initial_offset,line,low_perc,mix,nature,number,order,pan,red,release,rootnote,rootoctave,sustain,sustain_level,synth,total_offset,vox
0,0.2,0.15586703296873727,1.0,1,163,30,"[960.0, 540.0]",0.1465712852053076,0.0,0.0,4,145,2,1.0,1,1,0.30480642656404006,6,2,4,0.0,225,0.11476661722231374,29,2,0.7930798917187819,0.0,2,0.75,0
1,0.30000000000000004,0.8612924818996279,1.0,3,249,30,"[960.0, 540.0]",0.8319974293212463,0.0,0.0,2,142,1,0.5,1,2,0.37763448623297796,5,4,6,0.0,117,0.42333552635865324,29,2,0.14149590438902526,0.0,0,0.75,0
2,0.4,0.8571782042805621,1.0,3,189,60,"[960.0, 540.0]",0.8500291721103537,0.0,0.0,6,104,3,0.5,1,1,0.5964615576417623,5,2,5,0.0,188,0.22411415111817234,29,3,0.5515447009503469,0.0,1,0.75,0
3,0.30000000000000004,0.5221556720232561,1.0,2,120,60,"[960.0, 540.0]",0.04143032477895836,0.0,0.0,5,138,4,0.25,1,1,0.4131957050096595,0,1,6,0.0,178,0.12916070226042792,29,3,0.6185892218742878,0.0,4,0.75,0
4,0.30000000000000004,0.6617479793774025,1.0,2,185,60,"[960.0, 540.0]",0.185627753012803,0.0,0.0,4,100,0,1.0,1,3,0.2364496358955895,4,2,5,0.0,134,0.1790731664755566,29,3,0.2990555433561394,0.0,0,0.75,0
