,rootnote,rootoctave,order,number,bpm,total_offset,initial_offset,red,green,blue,nature,instrument,amp,cutoff,pan,attack,release,mod_range,mod_phase,mix_reverb,mix_echo,pitch
0,0.3800555500056957,0.7002350196179735,0.5914637361285836,0.4192436602874783,0.6588674986958656,0.9247245207685135,0.1436656216341743,0.7710483667902674,0.6506730514779178,0.1101584385937262,0.7260224504781962,0.3203505508853731,0.3273297687154163,0.12318216754954192,0.15871544696549378,0.30776789230972224,0.6037950027512199,0.7198347680121072,0.39218138534800706,0.8293715692546985,0.6366980940228686,0.6545430048438927
1,0.3521398174933593,0.39005069355776145,0.04382493883830563,0.2424304936199132,0.2168446283341975,0.6042625006128627,0.5115947156752488,0.2511392056348434,0.14152810156024342,0.40360491063051873,0.3027576424888686,0.375040837519547,0.4528983790988148,0.8529692375614589,0.49918003738257133,0.5213550450174168,0.5698019974179989,0.6846881911530165,0.32369760978790707,0.17410370935581587,0.43649452759966645,0.038442125821417594
2,0.2920980493309897,0.6450423460276575,0.29702181480670475,0.37074746412798165,0.04918105745127843,0.8286709456212956,0.9534968307900568,0.13316901652993895,0.4697063053221484,0.4712381799706895,0.9626005798998172,0.38031552353982534,0.999334941176516,0.14030213835237937,0.8366447042143496,0.8302741427855916,0.5735032243387651,0.8264068028147669,0.5782032963945796,0.6038611903374251,0.7135003157430692,0.7425690048660459
3,0.6345834820357953,0.544408161694685,0.12518939348237512,0.7252423737899452,0.02481230315813876,0.626636853451089,0.3824945030947827,0.3134624927853643,0.49666753378312056,0.8222659687741225,0.8794782113355482,0.2811325510195313,0.5246068078796751,0.4037475632267341,0.1936255583280776,0.9831936679152328,0.030815846847997763,0.6815117141669977,0.568368655242358,0.9159118613965649,0.15493903804338216,0.3892898685776861
