,amp,attack,blue,bpm,cutoff,green,initial_offset,instrument,mix_echo,mix_reverb,mod_phase,mod_range,nature,number,order,pan,pitch,red,release,rootnote,rootoctave,total_offset
0,0.4935162671228488,0.051899833198489564,0.7555878791355835,0.9580759455802692,0.7211425117407118,0.5644071152126425,0.13792868785517942,0.24069101242618665,0.19891868433915025,0.7570528942724177,0.17125458469400134,0.9946191175859354,0.3332553704236312,0.07029597598282344,0.9671601680053667,0.006323512924554797,0.8768680473321661,0.8060557771730762,0.6507913957077015,0.6387329863991917,0.916502377577741,0.9150431060782448
