,rootnote,rootoctave,order,number,bpm,total_offset,initial_offset,red,green,blue,line,center,synth,amp,pan,attack,attack_level,decay,decay_level,sustain,sustain_level,release,env_curve,mix
0,31,4,5,4,60,0.0,0.25,204,161,111,1,"[960.0, 540.0]",3,0.6000000000000001,0.0,0.6227517156102216,1.0,0.7217251649043349,0.0,0.27666019872395253,0.0,0.5106717166649261,5,0.0
1,30,4,5,4,60,0.0,0.25,131,112,103,1,"[960.0, 540.0]",2,0.5,0.0,0.7506862482830291,1.0,0.7637249574196756,0.0,0.022046333607864343,0.0,0.7222421998808399,6,0.0
2,28,4,9,4,60,0.0,0.25,190,113,181,1,"[960.0, 540.0]",2,0.7,0.0,0.39892393769906176,1.0,0.007234733910598812,0.0,0.5011356326569956,0.0,0.14422053506067556,4,0.0
3,26,4,3,4,60,0.0,0.25,157,241,174,1,"[960.0, 540.0]",3,0.8,0.0,0.455235667628904,1.0,0.05942403730310386,0.0,0.5098902882733558,0.0,0.5533477500895766,4,0.0
