,rootnote,rootoctave,order,number,bpm,total_offset,initial_offset,red,green,blue,nature,instrument,amp,cutoff,pan,attack,release,mod_range,mod_phase,mix_reverb,mix_echo,pitch
0,0.18475696626663973,0.5078695388433959,0.05698154906379971,0.4297768196440247,0.11882623979045615,0.1628340963899444,0.395981722366579,0.2111814864327578,0.7194479393421601,0.11626721929402828,0.7224446790427771,0.26143898670800503,0.3853795726744502,0.5362771593979941,0.6189852984133208,0.04209898132007872,0.33221760289040203,0.8456668459182792,0.06930083516111929,0.05631640334989341,0.04128905452438836,0.40578899615075426
1,0.18475696626663973,0.5078695388433959,0.020172807692570238,0.4297768196440247,0.0901210140425418,0.1628340963899444,0.395981722366579,0.2111814864327578,0.9462932901510501,0.2717681219244312,0.7224446790427771,0.26143898670800503,0.3853795726744502,0.5718119427285115,0.641376827912866,0.04209898132007872,0.14952713764519898,0.943723858837754,0.06576052180131153,0.05631640334989341,0.04128905452438836,0.40578899615075426
2,0.14930986011092662,0.5078695388433959,0.05477175545822166,0.8032861322791921,0.11882623979045615,0.9588153619718721,0.395981722366579,0.2111814864327578,0.7194479393421601,0.573539478766282,0.7224446790427771,0.8333804843417624,0.10242245742860068,0.5362771593979941,0.7815552525647934,0.017875121507850977,0.33221760289040203,0.4681836123298099,0.06930083516111929,0.6411829435373247,0.5758013145627626,0.40578899615075426
