,amp,attack,blue,bpm,cutoff,green,initial_offset,instrument,mix_echo,mix_reverb,mod_phase,mod_range,nature,number,order,pan,pitch,red,release,rootnote,rootoctave,total_offset
0,0.2726493199581688,0.5777329368543569,0.13266942434157813,0.1449577212535541,0.7235501929963449,0.5199415580300369,0.15846203173987705,0.9003150553875309,0.9952365289755774,0.7977825801918529,0.3997508159383302,0.600626246453503,0.7647175043871115,0.003756552927178858,0.6425710679322697,0.7575363983537775,0.3027540707310834,0.2134329665146354,0.7587170961802377,0.008177841435570765,0.526142892748814,0.5343547752620589
