,amp,attack,blue,bpm,cutoff,green,initial_offset,instrument,mix_echo,mix_reverb,mod_phase,mod_range,nature,number,order,pan,pitch,red,release,rootnote,rootoctave,total_offset
0,0.40567123295783114,0.7509636948025628,0.35459809275605914,0.4380602384332759,0.5666001685521246,0.8596157055893935,0.5820767721421105,0.7221972444365197,0.8200077572260489,0.20113217760890356,0.5074695981301499,0.7455322101918376,0.04947308843819287,0.6725074707882148,0.6521418510311124,0.9947173944660387,0.8512908582905978,0.944509244772819,0.5201455691621107,0.41833981527699793,0.6255763666266229,0.3776773207239472
1,0.2161582234690934,0.1702584736613887,0.36155665923883684,0.3143551695806809,0.9446524929706872,0.9355770220895576,0.25454869029497496,0.5130740946077971,0.06010889009273335,0.21424249841963205,0.36610570724641733,0.9435507887314439,0.8224882850233217,0.6870859102161142,0.007521426089088901,0.2633766275290813,0.9368889185410311,0.9533953050154694,0.7129467222200984,0.6286015938673727,0.7795831197815303,0.5991919184979977
2,0.6666132546400008,0.3543924182058862,0.22592164661604208,0.27351840247359793,0.8226048147075795,0.07175868040211542,0.5351201478341803,0.521131560746396,0.6410349051061457,0.35848893405145954,0.68203857465708,0.1445647771024099,0.7841589396596863,0.13303261476560124,0.14612749267756375,0.6249725785839246,0.24618299112832975,0.01968628393640237,0.15845115129600007,0.7794147574291471,0.6398598623209998,0.9793628012097951
3,0.32814910055793767,0.9557847662921259,0.17904865307367301,0.308158308379895,0.1586173388363019,0.5182431088083495,0.25623792632358244,0.6384935576187696,0.4994211440929105,0.05974317676939844,0.38878622133798946,0.4906414609527555,0.8167340266948535,0.39910464144126667,0.7001285096687291,0.5506610627420793,0.11269401426398695,0.5195137905321932,0.5963608432532225,0.9788948349412149,0.21926829524014624,0.9231096923403835
