,amp,attack,blue,bpm,cutoff,green,initial_offset,instrument,mix_echo,mix_reverb,mod_phase,mod_range,nature,number,order,pan,pitch,red,release,rootnote,rootoctave,total_offset
0,0.5068397521851052,0.736628465355207,0.1063492702914467,0.17715889579635702,0.01371657610050514,0.1751683311501565,0.9998877125110374,0.6204971011508373,0.02493661128913216,0.20445145586421531,0.2737884139889981,0.3621485665092731,0.9992228785322025,0.770715803204645,0.16157658077938242,0.1346173424113808,0.6127025607865503,0.5947871927741862,0.7053301244454971,0.7170360794659754,0.0022634406086349257,0.9973771635706561
1,0.2789319759338533,0.8900832964322352,0.5292935525043807,0.34561247703050957,0.37423537079587677,0.9962248399291875,0.2036627396911609,0.39158369643210145,0.5514203462725359,0.08024151354021636,0.13026907104617924,0.01371464636399411,0.8076179052436973,0.4244144640032796,0.18523451299539084,0.6512651626767412,0.22448876759062242,0.9166110425726638,0.6218191658883949,0.6072442429026728,0.9919340767331599,0.18485381884130414
2,0.30374826003289923,0.00863583670197432,0.0388574681697027,0.3855346170890055,0.44222587801750113,0.4879823938853388,0.7817470475225359,0.6446728486480916,0.24572870982030914,0.33167978483898886,0.9816759618532989,0.6363190067016471,0.8144069306274585,0.2562330236089657,0.8056499893150904,0.0006155113497084974,0.03930611517584581,0.3562629313108001,0.0771489140489876,0.14222313248645413,0.9384462929173373,0.16466492595694104
3,0.6728385747459893,0.024253461053516667,0.10694829310228637,0.6819930119080417,0.5641630697661463,0.3264864282316915,0.5813928037028371,0.6810390455394799,0.7259045402432625,0.264224897570586,0.9182401440511405,0.6809124167143756,0.0001183673237560301,0.023721769164704587,0.9985153294511465,0.9973894272604684,0.07214802080330307,0.00047379840658545724,0.09856650561837788,0.7838632404004956,0.3904683259550459,0.33894515351100885
