,rootnote,rootoctave,order,number,bpm,total_offset,initial_offset,red,green,blue,nature,instrument,amp,cutoff,pan,attack,release,mod_range,mod_phase,mix_reverb,mix_echo,pitch
0,0.9112107554765347,0.02979033627789851,0.8363021756867203,0.6195249909805033,0.5977136804419069,0.8173481462477742,0.5776256996887746,0.04033571559990934,0.35703242386398837,0.44032415553039184,0.5303889614245583,0.299347657207794,0.9967718641925614,0.008294711854680892,0.02183654581522143,0.8535625815105656,0.05361197418737229,0.8653526518616567,0.7744713106791393,0.8901466917481115,0.007502052490575006,0.03589421306345242
1,0.2023067965860973,0.0012687538931298592,0.13746977562275753,0.9921338701605273,0.3428033282063212,0.9617762497315213,0.47784024924062896,0.05598846140721747,0.939590043139927,0.16847744825088873,0.6310420275211283,0.969307104641628,0.32028752320960263,0.008160100220076738,0.045929386882191614,0.5496864151314945,0.7250955760056771,0.981910042067642,0.013784531999032623,0.011025601333899737,0.0621590382255357,0.017419094752463393
2,0.00012585412188714784,0.03303641172458416,0.6639260171546859,0.7123005703125536,0.5237160413651413,0.3144548920044531,0.11616272650742132,0.7235175317655073,0.9903319929572116,0.5766637316409435,0.9960476929626934,0.28576665965163606,0.7918018692425193,0.18475189396428104,0.4306615801905549,0.9601324452566324,0.7635978866524932,0.5173993683448119,0.8454675054407228,0.9778184226566682,0.39304629117114265,0.14364645148750133
3,0.8600595434643152,0.5354214330434391,0.5500700188700796,0.07706214568467284,0.9406679912876309,0.9972868874617168,0.40018794528681323,0.1255411374750457,0.6064965698132823,0.46068739153605176,0.9695623576802622,0.04148701378414599,0.12956309540027677,0.05498679649246074,0.11409554187727433,0.8944111606951127,0.35664699971536407,0.9168834776325308,0.8043041898258977,0.3830889967622816,0.01837681206168551,0.694363334377433
