,amp,attack,blue,bpm,cutoff,green,initial_offset,instrument,mix_echo,mix_reverb,mod_phase,mod_range,nature,number,order,pan,pitch,red,release,rootnote,rootoctave,total_offset
0,0.9926662889074788,0.028813112824578657,0.2419712323482841,0.4710952166534079,0.10474266102871888,0.9914926164705311,0.7082081273963639,0.3938718944373081,0.9371550627832633,0.8161702187931495,0.03047598292265985,0.1909083979711924,0.9866655766752337,0.7398985842656582,0.9572087653400393,0.41604826992468,0.39796227000801765,0.3865187440095057,0.02945923727416455,0.0876088973589666,0.4900231882706735,0.40556819943176425
