,amp,attack,blue,bpm,cutoff,green,initial_offset,instrument,mix_echo,mix_reverb,mod_phase,mod_range,nature,number,order,pan,pitch,red,release,rootnote,rootoctave,total_offset
0,0.4244456266416403,0.017416550450306545,0.7624293643722871,0.28711622119455804,0.3189219293084531,0.44101471628619704,0.8481406442879332,0.41882190770359695,0.7812086820484032,0.9225551997088641,0.13249365428949,0.9570524015255506,0.9850256953292601,0.5602811710470281,0.9682831167559521,0.724668314412155,0.5608741596761672,0.9607826074483437,0.24861113269047497,0.8702042248015682,0.6255741326202352,0.32663412693180505
1,0.14210749098947584,0.20980346968298091,0.8676792438355905,0.12909786489639408,0.3657976768606789,0.9169188051911322,0.2767628156938954,0.49360427152219577,0.04430881224186456,0.46786076133710086,0.8678451972417558,0.057367031165698856,0.05977865565740936,0.09593012913229837,0.834930158179922,0.8385119500482687,0.6445615847673584,0.31255590988933435,0.4723294983529771,0.7683410230624435,0.9568142577399388,0.37562465686905777
2,0.778253060910744,0.396827311981512,0.7783934481803337,0.1418876312206896,0.7557844292413014,0.23847855071944435,0.29605926639446656,0.37609597540070094,0.8539464461096716,0.02689407477923833,0.9735032483073042,0.2780543624205405,0.560938002423812,0.04191963330903048,0.548089220123048,0.9764424529119541,0.49733576394241974,0.9425107382374609,0.443980222035547,0.02825314813375379,0.14259009038966575,0.910016260843997
3,0.2797518882260305,0.44148406930783435,0.7833263603331968,0.27394893186368396,0.4811958009537115,0.06082724608862644,0.5107370783473835,0.13782375236318312,0.49940575928623343,0.4322533126422793,0.5901844182310271,0.40928538854464147,0.2945122228695636,0.008943437850414737,0.909893253832262,0.48057445164631785,0.9084058785861349,0.7269077000984104,0.5408529704340369,0.19607828660641446,0.9196367060992938,0.9219224939121108
