,rootnote,rootoctave,order,number,bpm,total_offset,initial_offset,red,green,blue,nature,instrument,amp,cutoff,pan,attack,release,mod_range,mod_phase,mix_reverb,mix_echo,pitch
0,0.06811227738998482,0.14844151842311049,0.7185040236598434,0.3817704083648271,0.9757428565622055,0.005847835356058817,0.9725424939451255,0.035230547911655696,0.9112284307980789,0.5669542999806888,0.39350550314747046,0.22859348055039697,0.01809061379290766,0.4426203719344186,0.05440935203961639,0.7235950099640933,0.011595112859354662,0.6671511446222772,0.15487208812150466,0.0005958108477499557,0.6872367892866768,0.705259633732061
1,0.3878335840141207,0.11827065989000218,0.283346069045592,0.021949941117788585,0.6050185115794732,0.4217830835835067,0.37157988698974276,0.47717681897232,0.0078983019842086,0.847374421334654,0.05971817390295742,0.43374583971233593,0.12650107616073503,0.9780715020625931,0.4833843548351481,0.6121407461825814,0.8103697307458108,0.00625233523433677,0.9868613669711557,0.9996037544824483,0.03428080377925846,0.9940350183986868
2,0.040662694167691305,0.3716825283674886,0.1963120639271836,0.024587966870570854,0.2235038407359221,0.9461066052345034,0.9511781600651965,0.448764314789285,0.1979236188448602,0.6035655427355046,0.6032841836127827,0.0017834198587596273,0.6263777020489352,0.5135393884883565,0.6701952527468762,0.12559160532015934,0.00015746012580086788,0.5656955373280247,0.09817149512890067,0.735628592925149,0.004986162232938796,0.12764817443417942
3,0.003195580356424199,0.9459822915251711,0.9991415286046649,0.9919930172740082,0.8363189859602999,0.888397371816409,0.6846244951917269,0.6493688266714295,0.9516770876522123,0.5807162212539335,0.9214068314304223,0.7868888717600716,0.5789024338571973,0.3224312416589733,0.2246312809197376,0.38431992763213063,0.0008808318966564421,0.028446801324005233,0.7753915141890809,0.15279122929491873,0.4706328039587252,0.9482512383083606
