,amp,attack,blue,bpm,cutoff,green,initial_offset,instrument,mix_echo,mix_reverb,mod_phase,mod_range,nature,number,order,pan,pitch,red,release,rootnote,rootoctave,total_offset
0,0.20944919957339359,0.3133162912032105,0.3360375960391989,0.1778964777591745,0.6580881066439574,0.8955650164817721,0.9998729730386836,0.00421743518026052,0.9950259376675467,0.5953836977236795,0.9835289352495808,0.17328730185481067,0.8161727794708238,0.272211459862594,0.806012559164307,0.9913138423174591,0.6425960582939904,0.9775963948678982,0.6645927271361658,0.5900021414602783,0.38295280314847346,0.21273089984225235
