,amp,attack,blue,bpm,cutoff,green,initial_offset,instrument,mix_echo,mix_reverb,mod_phase,mod_range,nature,number,order,pan,pitch,red,release,rootnote,rootoctave,total_offset
0,0.7777953457221889,0.5872512405891562,0.09688728745951092,0.5036814835479491,0.0605865566317888,0.8449298081961697,0.05955517584465686,0.9978225980382567,0.03985632955733276,0.09725694220205316,0.8093550141442561,0.5810763596174677,0.21707954058132517,0.00044627774272554266,0.25668480728161774,0.4820839415902294,0.6169812257418847,0.8601102089747931,0.5049087539282102,0.04736390055571049,0.9943391115488803,0.5260564760553659
