,amp,attack,attack_level,blue,bpm,center,decay,decay_level,env_curve,green,initial_offset,line,mix,number,order,pan,red,release,rootnote,rootoctave,sustain,sustain_level,synth,total_offset
0,0.4,0.48850877111419044,1.0,157,125.0,"[960.0, 540.0]",0.8661064776717954,0.0,7,138,0.33,1,0.0,2,3,0.0,186,0.08197324588178723,34,4,0.05216582703127193,0.0,9,0.0
1,0.5,0.5711079098601687,1.0,207,125.0,"[960.0, 540.0]",0.3401691529469547,0.0,5,115,0.33,1,0.0,2,4,0.0,156,0.9303388545496156,33,4,0.633635417334914,0.0,4,0.0
2,0.5,0.4026050396742271,1.0,205,62.5,"[960.0, 540.0]",0.19134156454308404,0.0,5,161,0.33,1,0.0,2,7,0.0,109,0.9911896191959884,33,4,0.8986050443550195,0.0,0,0.0
