,amp,attack,attack_level,bass,blue,bpm,center,cutoff,decay,decay_level,env_curve,green,high_perc,initial_offset,instrument,line,low_perc,mix,mix_echo,mod_range,nature,number,order,pan,pitch,red,release,rootnote,rootoctave,snare,sustain,sustain_level,synth,total_offset,vox
0,0.30000000000000004,0.4807878586627961,1.0,3,251,30,"[960.0, 540.0]",69,0.11236865360139042,0.0,"2, 3, 7",195,3,0.5,0,1,5,0.8216992590603132,0.18518444660971434,7,5,2,9,-0.47994939614871523,-5,196,0.8152987027131182,26,3,0,0.12977732596421898,0.0,0,0.0,0
1,0.2,0.7862328819262144,1.0,3,229,30,"[960.0, 540.0]",85,0.384967155837602,0.0,"2, 3, 7",149,4,0.5,1,1,1,0.38631322338434243,0.17723741130822818,12,4,3,3,0.4132094579919917,3,224,0.10397584433384166,32,4,0,0.3643035018405826,0.0,2,0.0,0
2,0.4,0.47889800152371714,1.0,0,244,30,"[960.0, 540.0]",66,0.4237088733391285,0.0,"2, 3, 7",209,3,0.5,2,1,4,0.35814902868167164,0.5950597501843474,5,3,3,6,0.41650057879988056,-5,254,0.7440700261435301,33,4,0,0.043558538200671015,0.0,1,0.0,0
3,0.4,0.30923162577029584,1.0,2,104,15,"[960.0, 540.0]",37,0.3397750505360312,0.0,"2, 3, 7",229,4,0.5,3,1,2,0.5576445078555927,0.539437745093153,7,2,2,6,0.4425548804391972,6,103,0.21251074659595637,31,3,0,0.26217612157674103,0.0,2,0.0,0
