,rootnote,rootoctave,order,number,bpm,total_offset,initial_offset,red,green,blue,line,center,synth,amp,pan,attack,attack_level,decay,decay_level,sustain,sustain_level,release,env_curve,mix
0,24,4,4,4,60,0.0,0.1,187,241,111,1,"[480.0, 540.0]",0,0.6000000000000001,0.0,0.7914682178227369,1.0,0.09199720428142866,0.0,0.4910755353590733,0.0,0.9213547369407806,4,0.0
0,36,4,4,4,60,0.5,0.1,187,241,111,1,"[480.0, 540.0]",0,0.6000000000000001,0.0,0.7914682178227369,1.0,0.09199720428142866,0.0,0.4910755353590733,0.0,0.9213547369407806,4,0.0
