,rootnote,rootoctave,order,number,bpm,total_offset,initial_offset,red,green,blue,line,center,nature,synth,amp,cutoff,pan,attack,attack_level,decay,decay_level,sustain,sustain_level,release,env_curve,mod_range,mix,mix_echo,high_perc,low_perc,bass,pitch,snare,vox,instrument
0,27,3,4,3,7.5,0.0,0.5,168,111,212,1,"[960.0, 540.0]",5,1,0.4,33,-0.3510259835615315,0.03205837819163389,1.0,0.43902264887130493,0.0,0.28690630347210894,0.0,0.7051544831772636,"2, 3, 7",5,0.7984745038083771,0.6635131178387362,4,5,0,-3,0,0,0
1,32,4,5,4,30.0,0.0,0.5,218,126,200,1,"[960.0, 540.0]",3,2,0.1,59,-0.020128158260506845,0.6248168338744456,1.0,0.18167507632501073,0.0,0.41905374115984534,0.0,0.1533998108061999,"2, 3, 7",2,0.8168698007624591,0.1500685254454882,0,3,1,0,0,0,1
2,27,3,7,3,30.0,0.0,0.5,127,151,205,1,"[960.0, 540.0]",4,0,0.4,51,-0.355870590856755,0.3449741665070935,1.0,0.4172684409963265,0.0,0.48748863453272523,0.0,0.890918456291461,"2, 3, 7",12,0.461364853935311,0.38644706755732827,0,1,3,-1,0,0,2
3,31,3,10,4,7.5,0.0,0.5,167,138,167,1,"[960.0, 540.0]",5,1,0.30000000000000004,60,-0.2984194844677519,0.2338042871929794,1.0,0.46907657335896336,0.0,0.2151073722456816,0.0,0.4109243632203796,"2, 3, 7",2,0.4684667605920302,0.533008714261442,3,4,0,-2,0,0,3
