,amp,attack,attack_level,bass,blue,bpm,center,decay,decay_level,env_curve,green,high_perc,initial_offset,line,low_perc,mix,mod_range,nature,number,order,pan,red,release,rootnote,rootoctave,snare,sustain,sustain_level,synth,total_offset,vox
0,0.1,0.14782349307089024,1.0,0,233,15,"[960.0, 540.0]",0.24185797286352623,0.0,"2, 3, 7",121,6,0.5,1,1,0.30191955052812686,7,10,5,4,0.17940000228794972,167,0.1490492197103479,24,4,0,0.4751394146929703,0.0,3,0.0,0
1,0.2,0.615669820259304,1.0,3,151,60,"[960.0, 540.0]",0.1079977397100973,0.0,"2, 3, 7",139,6,0.5,1,1,0.9349901055443597,5,90,3,4,0.43399675901130175,251,0.12516484707731296,24,3,0,0.3020156924054256,0.0,0,0.0,0
2,0.1,0.7580721814636431,1.0,4,159,30,"[960.0, 540.0]",0.09513025678833964,0.0,"2, 3, 7",156,6,0.5,1,1,0.7238854048791878,5,38,5,4,-0.44402333869564614,179,0.06536644032712291,24,4,1,0.25765933064397384,0.0,3,0.0,0
3,0.30000000000000004,0.5709645440516969,1.0,4,103,15,"[960.0, 540.0]",0.29818258572874845,0.0,"2, 3, 7",197,7,0.5,1,1,0.8210301736849404,5,35,5,6,0.4124445683770642,209,0.1369495701793395,24,3,1,0.3260966033881527,0.0,2,0.0,0
