,amp,attack,blue,bpm,cutoff,green,initial_offset,instrument,mix_echo,mix_reverb,mod_phase,mod_range,nature,number,order,pan,pitch,red,release,rootnote,rootoctave,total_offset
0,0.47942461523945845,0.8708111345200444,0.7468133294908612,0.013698157935665423,0.9471379272455978,0.7714132335016933,0.3500544133597513,0.9998367382512671,0.000894533622720739,0.6262901201999034,0.0795156565078522,0.566197779769401,0.8435637807167363,0.5718750741146111,0.5679215948327339,0.630324497495314,0.9709475802415063,0.20732032632147168,0.45462201965954696,0.6195506889110393,0.9955369674459037,0.38495535324458974
1,0.9993295040679846,0.5078071547316086,0.9803685237184268,0.058655121015381284,0.46512607140436735,0.8764713272170416,0.8387043825402547,0.2134846092467364,0.9616720100240153,0.9947172296754258,0.9927415470204106,0.9585964542858433,0.12140264368491194,0.9424918990546363,0.3930127160507261,0.015238738378398509,0.4473766420109089,0.5736746764339198,0.8651653712433557,0.15138875801922247,0.08058749639516016,0.9389412052472524
2,0.8338935709646215,0.5407091250448358,0.07729097101264326,0.9795216773258786,0.6656798117279252,0.024378946537393698,0.4499938262817499,0.38146945842941393,0.9075207559787246,0.9067392456424656,0.9688969654423556,0.9693705434467853,0.29882631169379015,3.200601372432832e-05,0.7091682550839685,0.5646823103840064,0.26146444931393287,0.908489859817426,0.851504587284413,0.01252084670489706,0.05547589842638767,0.20567790186341395
3,0.0005423262869719281,0.8872877105549114,0.5983146496207693,0.2449039331523316,0.525296604911265,0.8695463849608718,0.14011173654067366,0.5603430306292483,0.7352287233450185,0.25152682513952307,0.9084703016154397,0.5698296609638084,0.23795447598379604,0.5302866420245721,0.9999416246369618,0.3861509613478229,0.7107539375137579,0.5602712029434379,0.9197681331643068,0.4638414860597905,0.8677921822629611,0.9193322783450931
