,amp,attack,blue,bpm,cutoff,green,initial_offset,instrument,mix_echo,mix_reverb,mod_phase,mod_range,nature,number,order,pan,pitch,red,release,rootnote,rootoctave,total_offset
0,0.15702519500320689,0.05189983319848957,0.8738239999259496,0.8084214506460728,0.7211425117407118,0.8051241141552,0.13792868785517942,0.9650049660591753,0.00267003857946721,0.8917831326352361,0.17125458469400134,0.6297724043607208,0.3332553704236312,0.07029597598282344,0.9671601680053667,0.0022115503815672843,0.8768680473321661,0.8060557771730762,0.8091225003374655,0.4542692522830222,0.8764738801244945,0.48649830580075215
