,amp,attack,blue,bpm,cutoff,green,initial_offset,instrument,mix_echo,mix_reverb,mod_phase,mod_range,nature,number,order,pan,pitch,red,release,rootnote,rootoctave,total_offset
0,0.18516292103191445,0.8616367794091758,0.50122021080087,0.5460974821019295,0.22035123727329298,0.8205296150703844,0.6586128305449855,0.20376543450309836,0.7085408558392596,0.12113724722609587,0.8160680328433926,0.4657836865208085,0.11375081265170722,0.028048896524497935,0.18484829251694845,0.4601523786424424,0.7937622654619795,0.5559147417309034,0.09758882300214977,0.3161794280336897,0.6855388870903812,0.25474634472702506
1,0.7897206082877315,0.973049658673298,0.9004796226377776,0.879906360109058,0.9771097804242169,0.40397173350662874,0.3948922231766766,0.6037396913048796,0.2626330490875898,0.9355418396501944,0.6422030928423988,0.3770888978706358,0.9780443155685293,0.3833201219701273,0.8509015816645074,0.7615287851220424,0.8449060189430148,0.3224683263636614,0.7081334636611498,0.4344012225621149,0.5701825263620246,0.8742127855835476
2,0.9053098057496594,0.14119374407335597,0.4379858363594144,0.023512919863584197,0.6551015801617818,0.42008402618574125,0.9860800617021606,0.3149835393912145,0.307906866385286,0.08062798019886708,0.5577805581894021,0.9327121756726353,0.13199174497594449,0.6456391909160845,0.4819388386940664,0.9879840072246507,0.9669394061498767,0.33651176980408903,0.9935616955283377,0.23754550348716696,0.9285322004555041,0.9584491399962543
3,0.2695026436288399,0.9949148677457231,0.7494574040851253,0.2895729440432514,0.9413014305931203,0.6804891974072157,0.681083233623494,0.6270984727442961,0.012531266014084164,0.7440397525223637,0.5121303150766539,0.9983023111045173,0.7114418461021398,0.6514854402298574,0.3068906039735553,0.7972704648771141,0.4527470955328722,0.037941945061288895,0.865642206355186,0.9470123684021444,0.9915617774599452,0.18918194595287718
