,rootnote,rootoctave,order,number,bpm,total_offset,initial_offset,red,green,blue,nature,instrument,amp,cutoff,pan,attack,release,mod_range,mod_phase,mix_reverb,mix_echo,pitch
0,0.7859260903504334,0.2547564466980218,0.595750218810632,0.7405821847946727,0.6397414839132428,0.12670307177979645,4.957759644952375e-05,0.26091673991517983,0.7914713649610973,0.24317607718731082,0.5721678147843927,0.00017350071712396442,0.0034238256278711354,0.33013350043029077,0.7538647472052146,0.9377952726439319,0.7112484223104907,0.09187813869905936,0.4337320662057682,0.23724214948955757,0.2142283162913472,0.366979936349793
1,0.8478718796565012,0.2547564466980218,0.6797508546262925,0.7405821847946727,0.7086839166033668,0.12670307177979645,1.776425350241695e-05,0.23873646165702123,0.6395541639912937,0.24317607718731082,0.8233288454076536,7.504584111872603e-05,0.8126879617162521,0.3171883792391722,0.7538647472052146,0.6560655377027973,0.6270034673616038,0.09187813869905936,0.1733718238720252,0.29093671840579605,0.2142283162913472,0.366979936349793
2,0.7859260903504334,0.2547564466980218,0.595750218810632,0.7405821847946727,0.6397414839132428,0.12670307177979645,4.957759644952375e-05,0.26091673991517983,0.7914713649610973,0.24317607718731082,0.5721678147843927,0.00017350071712396442,0.0034238256278711354,0.33013350043029077,0.7538647472052146,0.9377952726439319,0.7112484223104907,0.09187813869905936,0.4337320662057682,0.23724214948955757,0.2142283162913472,0.366979936349793
