,amp,attack,blue,bpm,cutoff,green,initial_offset,instrument,mix_echo,mix_reverb,mod_phase,mod_range,nature,number,order,pan,pitch,red,release,rootnote,rootoctave,total_offset
0,0.43425718840995686,0.6249775018905697,0.48603029744470394,0.07278291392443037,0.23662002296956253,0.8709919413361874,0.1360456750181379,0.9991130279393198,0.07099113633271426,0.6155270121745885,0.9975091631873918,0.6550806637930203,0.22870158346004643,0.9880361142900136,0.017499063007944682,0.7685310538864046,0.8490307759158828,0.9975953897575327,0.9926706830366131,0.08088686450541305,0.9034692817433555,0.11256090111061001
1,0.8236781532915322,0.40207291736507766,0.021930704040583615,0.7038677739654147,0.9944215534772702,0.6261812325666805,0.526644957513106,0.12767723644998352,0.002506006125786997,0.8235442968966058,0.282919520183622,0.14072900322021886,0.7794748230740829,0.6955726438785158,0.9498022098567818,0.11209897049848627,0.04481385429689477,0.4365416459055249,0.47092259310665296,0.09990870238091254,0.768573486360999,0.31250151232921897
2,0.9790028132048774,0.17803705424858107,0.21102698191282154,0.6250215597580567,0.0026961300147235745,0.7619873018406429,0.03369756571789084,2.2437005295361523e-05,0.6256508485809864,0.14367080741489424,0.6347190332461679,0.8582924688727755,0.14556266922949324,0.27248795523041147,0.004332694450553176,0.9595117560850289,0.4836147355740865,0.9923346208578132,0.15684045397561497,0.656127613092046,0.3504264094138789,0.9609293928912499
3,0.7700267219326611,0.06910646118411634,0.5662677711308233,0.5548276582745725,0.8403914781393123,0.9983976531119655,0.9688626307443522,0.8158352697956038,0.797525999779005,0.9967340680362284,0.534594683436325,0.8276199884747054,0.851851136655699,0.2054400654421663,0.18829291041269747,0.516487875144727,0.6924682464209584,0.6446082661582018,0.9554213101355641,0.14085290155353414,0.7043452219164106,0.003865379106869349
