,amp,attack,attack_level,bass,blue,bpm,center,cutoff,decay,decay_level,env_curve,green,high_perc,initial_offset,instrument,line,low_perc,mix,mix_echo,mod_range,nature,number,order,pan,pitch,red,release,rootnote,rootoctave,snare,sustain,sustain_level,synth,total_offset,vox
0,0.1,0.6023888971450098,1.0,1,213,7.5,"[960.0, 540.0]",52,0.19843208273828988,0.0,"2, 3, 7",134,6,0.0,0,1,1,0.7450134597117013,0.36751238431973887,12,2,3,12,0.1860992212913195,-5,131,0.7184149527130493,28,3,0,0.4224628672018481,0.0,3,0.0,0
1,0.1,0.5778952092309765,1.0,3,210,30.0,"[960.0, 540.0]",68,0.14601141284446095,0.0,"2, 3, 7",126,5,0.1,1,1,1,0.8747945615119432,0.1790694171952833,5,4,1,6,-0.2561305736548377,4,164,0.7399233105062044,31,4,0,0.08770927182304017,0.0,1,0.0,0
2,0.4,0.5905592550248392,1.0,2,103,15.0,"[960.0, 540.0]",45,0.15198089346603866,0.0,"2, 3, 7",118,4,0.5,2,1,2,0.6119318864022082,0.565185015574593,7,5,1,6,-0.3948646671813856,2,139,0.18907725675628684,29,3,0,0.10375404938408289,0.0,2,0.0,0
3,0.30000000000000004,0.6309325027095269,1.0,1,176,7.5,"[960.0, 540.0]",84,0.30226161475689184,0.0,"2, 3, 7",230,2,0.0,3,1,0,0.6745548527440524,0.4594749502202964,12,2,3,3,0.157884535301269,-1,168,0.30233137820364986,24,4,0,0.10983076449232848,0.0,2,0.0,0
4,0.30000000000000004,0.13653999947864454,1.0,3,167,30.0,"[960.0, 540.0]",46,0.48403098584775367,0.0,"2, 3, 7",241,2,0.0,4,1,1,0.4384341443784845,0.16448628037166546,7,4,2,12,-0.24967031516264626,-1,237,0.06575739104290346,28,4,0,0.2009830250894955,0.0,0,0.0,0
