,amp,attack,attack_level,bass,blue,bpm,center,cutoff,decay,decay_level,env_curve,green,high_perc,initial_offset,instrument,line,low_perc,mix,mix_echo,mod_range,nature,number,order,pan,pitch,red,release,rootnote,rootoctave,snare,sustain,sustain_level,synth,total_offset,vox
0,0.2,0.3879779501723613,1.0,2,212,7.5,"[960.0, 540.0]",36,0.07800920102359155,0.0,"2, 3, 7",186,2,0.5,0,1,0,0.6747658220761718,0.3198528826503574,12,5,4,3,-0.17897904559185907,6,203,0.7130183314741025,28,3,0,0.4099320870465538,0.0,1,0.0,0
1,0.30000000000000004,0.5285045009794537,1.0,2,213,7.5,"[960.0, 540.0]",47,0.11953977393801457,0.0,"2, 3, 7",106,5,0.5,1,1,1,0.4610115866239427,0.6837093366957776,5,4,4,3,0.14443557904773252,7,193,0.6168987052982547,28,3,0,0.13440739690031184,0.0,2,0.0,0
2,0.30000000000000004,0.018808256991476303,1.0,2,242,30.0,"[960.0, 540.0]",59,0.219217480196231,0.0,"2, 3, 7",176,1,0.5,2,1,1,0.7603270214864339,0.3948770164414387,12,0,4,4,0.29285701808504994,7,222,0.6811220057717783,26,3,0,0.061694742996791396,0.0,0,0.0,0
3,0.1,0.7247998393070055,1.0,3,172,7.5,"[960.0, 540.0]",60,0.3194170298316733,0.0,"2, 3, 7",139,6,0.5,3,1,3,0.7279547104589423,0.6466356229523955,5,1,4,4,-0.12853092779121555,0,179,0.926966469468923,28,3,0,0.2561223184642434,0.0,0,0.0,0
