,amp,attack,blue,bpm,cutoff,green,initial_offset,instrument,mix_echo,mix_reverb,mod_phase,mod_range,nature,number,order,pan,pitch,red,release,rootnote,rootoctave,total_offset
4,0.7684862560692256,0.7860207189450169,0.6890109656537878,0.5872455114561156,0.8177227246529978,0.4897819472758209,0.9894967187046068,0.6645817804688066,0.5720079385299611,0.015757570340317884,0.07292457693610388,0.015289018518049537,low_perc,0.3463857285030779,0.18905040113046545,0.11298410021602034,0.4692531588171973,0.7181359112512629,0.4921401508739308,0.5379578035882715,0.12465042184999332,0.33618757010886113
4,0.09071618801094317,0.8640903474188634,0.9286692127652066,0.781168515344246,0.31368240421933546,0.2210638266614996,0.31400788808532754,0.2930512346351388,0.5474948388987484,0.5731464023556938,0.2975092816772935,0.492687140327354,bass,0.2873472552265155,0.3334474707256841,0.3414134797129101,0.22951424034778226,0.6201869383631037,0.5593121990199442,0.6223896624599203,0.27202696730862275,0.4526052775267203
4,0.10471038010094967,0.30726846921171325,0.6628586063794999,0.7372419575744356,0.5666823538968215,0.3325009674715513,0.3843236554874229,0.4406154776930974,0.5024623241122652,0.06451744959632222,0.13390265255531664,0.35359400889895953,high_perc,0.6154530912405852,0.6398578019981253,0.8247286332479982,0.8970095873043251,0.9395689904851512,0.4795702132282638,0.4589045272994554,0.869968789690433,0.4953826856498144
4,0.6633965335451221,0.07635754235351011,0.5915958163749497,0.017886717394114068,0.1618635814958045,0.5789309410026883,0.3464397539544545,0.4336213521196097,0.7018557794057945,0.7739961224442425,0.3337666388446635,0.34685198128839223,synths,0.7735964162791328,0.7147639450892299,0.488114593777465,0.4598507154446958,0.4940484300288162,0.7024623568624327,0.5789080764183065,0.42486017659147135,0.1094512036842734
