,amp,attack,blue,bpm,cutoff,green,initial_offset,instrument,mix_echo,mix_reverb,mod_phase,mod_range,nature,number,order,pan,pitch,red,release,rootnote,rootoctave,total_offset
6,0.7166149811396978,0.7355216517475254,0.8716722659602273,0.9223976138138759,0.4736048336509009,0.01796238019537899,0.6067906585799105,0.00484207927275071,0.6741424683508417,0.3800742870359092,0.12073819424731135,0.6586082899461752,bass,0.17336230780398146,0.9164617087724484,0.8824959049963705,0.4584153885416392,0.19096699408247986,0.01895103044427293,0.03273368029503476,0.1853463277515041,0.44537775888171416
6,0.3858583480281229,0.13153548028937756,0.9562918510771428,0.06274959058668927,0.8784405925118718,0.019443067662073377,0.006844324684526225,0.6142588277289959,0.27770671817543746,0.5392700480439282,0.7353284360028628,0.6827014099457541,high_perc,0.7731962403771763,0.9208775103054394,0.4278663663374732,0.5361023387013819,0.8647095113813307,0.1967090264687985,0.9813023098846492,0.2927354013811675,0.1830560724317664
6,0.2291728720104299,0.45551418514413106,0.028293459946670093,0.26990714062694665,0.7455115311290271,0.8717892104663929,0.4995546298105778,0.5540768417910891,0.047219217115379575,0.6107948023092399,0.5801335683236013,0.10262794444178323,low_perc,0.8390708649611678,0.9066418072668796,0.0668869660185214,0.030360084101965886,0.5262556840492196,0.8251694978100522,0.15709670100385864,0.3808242935709085,0.0831595502071063
6,0.8978914854482607,0.3887422770207477,0.1844765172050368,0.32156894892454424,0.5896418769701537,0.30632056785494705,0.4858527122134452,0.08280315096160529,0.3257941520872599,0.0062368397579252175,0.15161402299703408,0.469575148895758,synths,0.030943235194341726,0.4313184810614654,0.9738517324033192,0.7031235771910093,0.4410539565428394,0.32021718154355616,0.4456590143352565,0.8203254994851684,0.3298382007192997
